,0,1,2
0,0.025746875574169638,0.010821247078063348,0.008881171418610832
1,0.015531519434619896,0.0085787253892371,0.01096161459733186
2,0.013100779193989998,0.007697298617553458,0.013048169427904589
3,0.011311248366424623,0.007436550773133616,0.013146332336653924
4,0.010154651237377289,0.007361917016098815,0.013237908370150575
5,0.009129336264701065,0.007996442929955412,0.010165438971257415
6,0.008600006538284124,0.008341150519223389,0.00981992483139038
7,0.007907333140529164,0.006141221288454975,0.010050229391018892
8,0.007487232006656559,0.005746641481254882,0.011269410349557111
9,0.007219756744463059,0.005323712904849909,0.01215182744159267
10,0.0068770375224277034,0.005017491814965222,0.011220315262546828
11,0.00656871048472463,0.004812381751762099,0.010615173968133228
12,0.006333711123489739,0.004638321739769156,0.011410682092838246
13,0.006255669323958838,0.0052598488176445165,0.01334459705535194
14,0.0060087241402225055,0.004539203474663396,0.009598234684431347
15,0.0058893281282205116,0.00777318487588358,0.018658609129488468
16,0.005708143701923357,0.005121396836268035,0.014497166146235219
17,0.005693257772164393,0.006584181407829886,0.016952162769077152
18,0.005492633090095775,0.005572160246626864,0.0157310769668427
19,0.005481771745391844,0.005390475748638541,0.009125443303893352
20,0.005292448221800875,0.004377884532554558,0.013346835039556026
21,0.005272217576199631,0.004615049306572237,0.013685639016330242
22,0.005188240348489916,0.004834572787034215,0.014558791391679952
23,0.0051067975476286175,0.004404528854765928,0.014437049418559363
24,0.005030550233516951,0.004517468350520142,0.01283228286574113
25,0.0050170008890214396,0.005633694669587202,0.0085255133534043
26,0.004922933810431678,0.0046283230211025235,0.014318525903569213
27,0.004842696309390895,0.004486560603547164,0.01539912701038451
28,0.004814871821160822,0.006957457993441809,0.007454570125916909
29,0.0047251442435597155,0.004587453525267731,0.014576658847388523
30,0.004786929705774852,0.0043949713600304,0.013820712310101452
31,0.0046630627664801284,0.005311592783755611,0.015714371930165536
32,0.00460083848390402,0.00419828357219001,0.013851122384698227
33,0.004502373845771164,0.004053856814471075,0.012210350563942358
34,0.004521654215684948,0.004127834017879401,0.009784573833618698
35,0.004457712575832252,0.004600156295651694,0.013228290361063233
36,0.004463274985274375,0.004111691281589587,0.013809105638286164
37,0.0043961198582047065,0.005236296550067077,0.014895381919782737
38,0.004353573226046668,0.004263270582392324,0.009603573812236046
39,0.004332880719086706,0.0048571437979241915,0.014310500263397035
40,0.004326429740031543,0.0040681780467203485,0.012390785224350363
41,0.004192571717800577,0.0047796891233787735,0.014426465467389288
42,0.004238839238639188,0.004195158190608227,0.01290652082012645
43,0.004230730490811769,0.004801453593669266,0.01553725727416318
44,0.004192736552680321,0.004176490966885895,0.012006644641274008
45,0.004161913654260169,0.00581849053455973,0.015932472486948145
46,0.004076725489682716,0.003939834935464543,0.010495893560863775
47,0.0040822389215758965,0.003887744784873779,0.01285681554019965
48,0.004012532958340826,0.005273350499837062,0.016272713911944424
49,0.003970236749368985,0.00401313801556864,0.012456248305609515
50,0.0039763532147305885,0.004497143406762087,0.014855289590898258
51,0.003917132585256772,0.005556961504470287,0.015873788599053335
52,0.003932675490885408,0.004067761415736116,0.012663237541785529
53,0.003922418730363227,0.005703843869305518,0.01650523895333553
54,0.0038059607933138354,0.004017650544968332,0.012121271534726537
55,0.0037994245852747037,0.003980942463468426,0.012677143568751114
56,0.0037934174754771966,0.0038414582330469366,0.011530204627919814
57,0.0038076115725437895,0.0038950825625661445,0.012718878349225068
58,0.00374138355842507,0.004855458008707441,0.015533620909113309
59,0.003682252519357103,0.0045184032692114785,0.014519371911241063
60,0.0036916918506647626,0.004276724521004316,0.01056930453291741
61,0.0036164740635268966,0.003902308673664155,0.01340632543674317
62,0.003617323234708775,0.003890047837891114,0.011421164080243686
63,0.0036081509796920307,0.004184301226113333,0.01368884777586008
64,0.003549438267185351,0.003773509160431905,0.011141611504015225
65,0.0032269950196244547,0.003671473379530514,0.011568142727402777
66,0.0031820160643550944,0.0037060937641855895,0.011116852678743929
67,0.0031474268313804545,0.003666313286210771,0.011467929817093858
68,0.0031062204450342783,0.0036992258644737725,0.011326119737250024
69,0.0031401751887533,0.003693783754871797,0.011452559365666118
70,0.003120212109244877,0.0036081507015320586,0.010932124669438806
71,0.003096801278413364,0.003695886470313804,0.011517361240011865
72,0.0030769742250701714,0.0037272461163497983,0.011762426636213887
73,0.003100384090011744,0.0036611544355600466,0.011300230125800288
74,0.0030720120011838445,0.0036549615557125398,0.011071727129405943
75,0.0030870025836641202,0.0036466319692203928,0.011888288186285002
76,0.0030615880167561968,0.003664839834398352,0.010920473133567078
77,0.0030436530918231865,0.0037172637396865986,0.010709568954490382
78,0.003056790958923887,0.003894061160754401,0.012686757129970295
79,0.00306505392495696,0.0036896951510710235,0.010419346745414981
80,0.02660469630262748,0.008907330390056303,0.013910261352129024
81,0.015541185964237036,0.008167509714361471,0.011911989334199962
82,0.01311024966947824,0.01088626888535471,0.01132291471906777
83,0.01139399618225309,0.007833700720689106,0.014291103062187803
84,0.010315042119572484,0.011519994362941384,0.01842078036660778
85,0.009709761411643902,0.03580011486096472,0.019373864063928867
86,0.008988458074524279,0.008057358072215212,0.015649401695178502
87,0.008367125430899739,0.01984012815352028,0.010264102690692606
88,0.007999656913013197,0.0361615839064152,0.015390321194868663
89,0.007672994938810805,0.012551080005156003,0.008929523270063359
90,0.0073777663503497015,0.011681744327615944,0.008628139609535193
91,0.00711763185712395,0.009368605921758207,0.019180899068456273
92,0.006867643136129895,0.005060346595228031,0.01138062969428198
93,0.006753743441317705,0.03605011260197481,0.017308779446215464
94,0.006580370431281601,0.062330354373016386,0.025860231690879525
95,0.006533013788020363,0.006299672287477198,0.010203322668656194
96,0.006410589859937698,0.004982237010859693,0.010394861456006765
97,0.006315776176387385,0.007632236331051658,0.017511719998357624
98,0.006171941896852504,0.013899608476057672,0.008703055309838262
99,0.006156353970495025,0.005714278495028186,0.013308163138170695
100,0.006016112001939714,0.005921205930293419,0.009441908031445125
101,0.005934590532078821,0.006114357138062669,0.009326546019392794
102,0.005854895864116232,0.06632879485249857,0.03153190890262867
103,0.005772919267313855,0.005548770315877905,0.01446751937077477
104,0.00570095018752072,0.005782256582646202,0.008679557463218426
105,0.005584101210524742,0.004866581303000262,0.009056731841751728
106,0.005541036995125395,0.00463547194900727,0.009881524047974882
107,0.005511590745079912,0.0053670294774367695,0.008535301240546436
108,0.00544213928871322,0.004430160653184717,0.009229455705218274
109,0.005408577878829953,0.016106069720191223,0.00943915690455971
110,0.005291141391719311,0.004526987466774424,0.010960773580932412
111,0.005276664230027196,0.012302825472578445,0.00996496512329784
112,0.00518598460599294,0.006309961902771732,0.015642463390169472
113,0.005121865459141517,0.0060610134147833835,0.01346729841918267
114,0.005166535981757,0.00507285656562856,0.012261667802672961
115,0.005077220789012841,0.0073041316369957185,0.015970053087020743
116,0.0050257532128687,0.004609465794726657,0.011947678803498375
117,0.005032283833032423,0.00448636803866084,0.00925834289077541
118,0.005019074741063551,0.0044812349503035665,0.011782823724607969
119,0.004977283584255292,0.005137397646475314,0.012568197823290167
120,0.004896774971782819,0.004372972148975387,0.009343881015505257
121,0.004848992301878267,0.005008140990732487,0.013483506225948703
122,0.004782484367428415,0.004621055466044875,0.01220000854789697
123,0.004808090431276691,0.004209923087082497,0.010487075622097171
124,0.004732713484040719,0.014708442464946372,0.009133041450946495
125,0.0046990828777267,0.0042787481349368895,0.012193092947890019
126,0.004703763471235477,0.008299589217983882,0.009227485604712675
127,0.004653505386543877,0.004768827353224573,0.01230614992051289
128,0.004583275416541415,0.005088581423251878,0.009438678975506076
129,0.004477587638778116,0.004675835439251604,0.012642165726243422
130,0.0045170024908945065,0.006603361382792176,0.016174335161159778
131,0.004493697788198913,0.004988763876524218,0.0129403385397946
132,0.004470539096573879,0.01058788487976854,0.008259084830381748
133,0.004393467050282602,0.004079761453090085,0.010461971340379838
134,0.004354185554028731,0.006975552858772787,0.00725772567414518
135,0.004391709910866589,0.004177297972441209,0.01033866016900745
136,0.004300716191229473,0.004141063815329917,0.010266539656781945
137,0.004257563557822829,0.004270182096167857,0.010728428605943918
138,0.004251823112169575,0.006917397325086134,0.010028621984709954
139,0.004253945227268346,0.004022740390437043,0.009186906049606102
140,0.004212635594650844,0.008354966312814014,0.008675488868150217
141,0.004163602464076276,0.004386409460144265,0.012815733038788212
142,0.004145667152778284,0.004193145224099639,0.012316902071751398
143,0.004150478604943865,0.004011594097558918,0.009978535440589848
144,0.004062817516320897,0.004378500474119643,0.012070481440630453
145,0.003748424560891025,0.003916170764079269,0.010764901044553724
146,0.0036296753769729895,0.0038796472689034797,0.0109501040283719
147,0.003616458946916305,0.003878644987377744,0.010787301439920375
148,0.003631451477637111,0.0039289298150122845,0.010654590494031536
149,0.0036184782348449127,0.0038628434460243194,0.010069684767774466
150,0.003565948830637857,0.003903334155805911,0.010788331498745186
151,0.0036013615967162935,0.0038622674866530963,0.010145939051591116
152,0.0035730765002182636,0.0038432687908051275,0.010456549983214715
153,0.003574287001274027,0.0038465301466685713,0.010514256271437324
154,0.003550959628905939,0.0038803736890742797,0.010022388771176338
155,0.0035301156694197426,0.00388156854895005,0.010595958760200903
156,0.003553143210599184,0.003952625058646602,0.010619057278180945
157,0.003546447073394352,0.003931480745608784,0.009639784276228526
158,0.003551650909245932,0.003852783254829373,0.010505610514946025
159,0.003510106808405247,0.003850599968607301,0.010526934108728993
160,0.02701548227732298,0.012733292300013951,0.010521121210707673
161,0.015056285670347985,0.010208424368787744,0.013063614096107155
162,0.012445169593666556,0.008762403536355483,0.01568962344578628
163,0.011122029513656678,0.007720716429771995,0.012374706919594058
164,0.010346111566802074,0.007629276641073928,0.011820363667633
165,0.00981916684542621,0.00886950999762058,0.011737271677702665
166,0.009396319896965297,0.008547976488764328,0.011289947553826818
167,0.009132176251119447,0.007718256178575934,0.01325444716574817
168,0.00874602524322314,0.006769482153895311,0.012138486663200733
169,0.00849520835803893,0.007502628966316757,0.012851430745474223
170,0.007963055883316831,0.009992371512002485,0.008832467703855243
171,0.007490281946977124,0.005528240315191056,0.010170043293579385
172,0.0069911902522359565,0.005546820635476033,0.009427838493138552
173,0.006678283681411143,0.005331572958389744,0.00907186911730417
174,0.006491127257384325,0.0048443318608583415,0.010974691426060322
175,0.006290325145827129,0.005157618478597144,0.012228161754921592
176,0.0061262945271476086,0.0048138497910275475,0.010366176142646321
177,0.00601424073603277,0.0049111701392538865,0.010687722776342055
178,0.0058812628167668425,0.007631622000824124,0.009471740027696922
179,0.005672200418455094,0.005136031332166885,0.009389594357846111
180,0.005633499813193252,0.007950070597252522,0.016802069056650687
181,0.005555120366911673,0.004605731599646716,0.011976968625496173
182,0.005372891383626154,0.009768392042342868,0.00773237236165281
183,0.00538924504419099,0.005127291599756405,0.012219504774387541
184,0.0052587196823331685,0.004338943033762297,0.010778250734739262
185,0.005186586545313439,0.006928617448093059,0.007918977234833714
186,0.005113239941689208,0.004297070779333102,0.009713181599589258
187,0.005118275084624857,0.0060478432775586035,0.009094894478290245
188,0.005005419564963979,0.004231401874983751,0.010856916662305593
189,0.005011172373826349,0.00527628967371568,0.014584548980126092
190,0.004926636492982712,0.0042066723236174365,0.010876748791157171
191,0.004852876088015053,0.0060404833609021165,0.008069127292275942
192,0.004841290876952662,0.004283514700580461,0.009352575256970936
193,0.004820288998546415,0.004513685168004862,0.011512310982778155
194,0.004766936154145676,0.004094285420085678,0.009189510131897083
195,0.004745145704616367,0.004841910710200704,0.01290183939874686
196,0.004684482530832581,0.004006119601547626,0.010595743560457024
197,0.004622997492114321,0.004303004130538094,0.008639552799085605
198,0.004651548615994611,0.009654289131547993,0.006920552338826759
199,0.00453784212283574,0.005109616467886993,0.008705676613568232
200,0.004539787348195157,0.004249516876367948,0.011706307578574994
201,0.004551219589354556,0.004374277173498739,0.011681426188041424
202,0.004499134302225498,0.004155340637385369,0.011272278983659786
203,0.0044212563927030005,0.004045817242020788,0.011720462670100146
204,0.004386280429250041,0.004338946432741469,0.009116041610531252
205,0.0043627260893667995,0.004247217062641465,0.009434178945255178
206,0.00431288755142596,0.004140462021798744,0.009379398286471078
207,0.004333397835265821,0.004908954016481252,0.013415369638723546
208,0.004240509060079635,0.003969992898555176,0.0097407476478738
209,0.004243670026785333,0.004043493733648643,0.009499297003615004
210,0.00418116660868587,0.004216095830516553,0.011878953684635204
211,0.00418158421489108,0.004191927734457193,0.00907023787370016
212,0.004164901248182018,0.004787643171799196,0.013595474273737135
213,0.004137362429332766,0.0039051928524854447,0.009439381963477052
214,0.004086093460589513,0.0039657711405573625,0.010145787655472242
215,0.004090350927591394,0.004065083430408989,0.011413892201180088
216,0.004105565926651343,0.00410684298526048,0.012469918772192865
217,0.004011214725441529,0.004149395892848782,0.011379422218506706
218,0.00396273895183225,0.0056668849005541595,0.01472046337058318
219,0.003926809979793618,0.0046929251987394855,0.008374122043686181
220,0.003979857717687528,0.0038864184059439226,0.01060342677098153
221,0.0039008245236048684,0.003920440137684835,0.011517523836087564
222,0.003918470513969449,0.003917710403135467,0.011178206957491308
223,0.0038479005746135625,0.003932168142616224,0.010344455580644566
224,0.0038701645771261816,0.00461242946254809,0.009011718934273412
225,0.0035330894938125747,0.003735075820418235,0.010492568779415611
226,0.003486410644790694,0.0037131575210588635,0.010794172224042744
227,0.00341569515754393,0.0037458213525753403,0.010848664855263356
228,0.003429650852482065,0.003759336792894525,0.01058496205650013
229,0.0034416886916091433,0.0037617742979836367,0.010678992550498966
230,0.0034273578309552007,0.0037486800047706586,0.01024079054658269
231,0.0034215594909237294,0.0037505066480763524,0.010205463747140663
232,0.0034118766841150913,0.003721146305733975,0.010497449576083956
233,0.0034334577637500753,0.0037843232708197816,0.010423845129794088
234,0.0034138402944797826,0.003738580480641928,0.010650930621115298
235,0.003380894840535901,0.0037059555867034366,0.010560282000244177
236,0.003381314251698936,0.0037574242291825064,0.010979796502867649
237,0.0034186802127432014,0.003759782774919162,0.010470834849723455
238,0.003380505727986359,0.003730034783469103,0.01107523572663295
239,0.0033766616182705975,0.003725752507605652,0.011069041724991182
240,0.031363478403932964,0.012457395602070955,0.017275900772676385
241,0.015860767917217966,0.011009671270958752,0.010360435181265247
242,0.012972492754156144,0.009929700353283237,0.011809835756390259
243,0.011475324476197316,0.009166366972683393,0.012413636877618987
244,0.01030070675249284,0.007088036958831629,0.014070445575333875
245,0.009601461304638593,0.007926258854737314,0.016066014381318258
246,0.008882382549424745,0.011628017617920783,0.022514709078803145
247,0.008198533998670219,0.006079148533938971,0.012784087211535922
248,0.007818753532735506,0.013790055781856464,0.007981826647602278
249,0.007443072288536472,0.008341214296492892,0.015026241123419383
250,0.007152437981059117,0.014064331849796344,0.023089065152252543
251,0.006951697949268124,0.007514437834657546,0.01336395347105532
252,0.006852622157493015,0.005245780489171407,0.011500968003709769
253,0.006710962959856931,0.010726987226597692,0.00890642322664117
254,0.006623624350220953,0.011048766966407726,0.02116863586907757
255,0.0064474226210565104,0.027506729642187675,0.013399714796707547
256,0.006297596761952328,0.017525295076854314,0.008436592922000021
257,0.006191235350661693,0.007742575950395962,0.016761267654083926
258,0.006157412846377851,0.005277248214375657,0.01093538510131425
259,0.006039973454637885,0.005523820499142789,0.01150698497377593
260,0.006015310927506893,0.004704170324353337,0.009299000709092823
261,0.005854889375377956,0.004866369831145949,0.00980124020435173
262,0.005826638320285042,0.004715087904352042,0.010167719330638647
263,0.005785581402096194,0.004588578637536133,0.009861599509443703
264,0.005701674718509201,0.0058903498423193085,0.008289163948261532
265,0.005502824976833997,0.008120688157986567,0.015512072818418002
266,0.005558113304480913,0.004927519629290352,0.011852456802694962
267,0.00546260120917151,0.004579092619106459,0.01254255533346842
268,0.0053844785811037734,0.004682497045249414,0.011514787915451774
269,0.005369301336071041,0.0071940223487428345,0.009733681374325835
270,0.005316332040129824,0.005519309172005974,0.011669923214177633
271,0.005282995491163721,0.005763705440880005,0.013282708823680878
272,0.005209886994677086,0.007135151405199159,0.008779641096319618
273,0.005152497013880477,0.006368548362976965,0.009557408377014357
274,0.005189001018550722,0.00629087948090723,0.015373060640333027
275,0.005080248354426628,0.00570548837738798,0.01373709682054047
276,0.005070036354094717,0.004257169336277719,0.009905786783402336
277,0.005002558833133117,0.004665445674704546,0.012149113920870525
278,0.004951061624886722,0.016770081417111546,0.009697923404646331
279,0.004936343117281494,0.006296784330321291,0.0078458522189537
280,0.004871836124450011,0.0057721156697635514,0.014492186203855893
281,0.004830205811819473,0.01343075592056889,0.00792935002466728
282,0.004797817410428924,0.0063324279535114875,0.013215039969132892
283,0.00477541726287416,0.008318271834210312,0.01691735712490205
284,0.004771160705650914,0.004392720963947606,0.012803382802240807
285,0.004658343621007861,0.004750043279574219,0.0109912251636129
286,0.00466717076138213,0.004734052924831725,0.01019495740083271
287,0.004661688024188714,0.004262038176593983,0.010966413477756854
288,0.004602150474554522,0.004615950163185083,0.010733059816190908
289,0.004618533386135045,0.0057499551930331036,0.01269280600586328
290,0.0045118021110690095,0.004654482184816704,0.012742659976256305
291,0.004548801746437057,0.004987747888415192,0.013075840049262705
292,0.004561242953647144,0.004086871928815903,0.010509710004232052
293,0.004507536122223415,0.004275249978256051,0.009234933616143876
294,0.004460349029973303,0.004337428013409635,0.009951034416284027
295,0.004385333983780769,0.004221307721659983,0.010902510120950896
296,0.00436957643410538,0.008905844187448997,0.00908524934844724
297,0.004358291419322855,0.004608029444384244,0.00874329334253381
298,0.004332610229857587,0.0077993232347268095,0.008366757489997765
299,0.0042539790248056755,0.004103227391006409,0.011147020384669304
300,0.004254573940731971,0.003984607763762782,0.01054115684959909
301,0.004261423724917869,0.0042402774820264185,0.011580385396192813
302,0.004204256603403348,0.004076312504037052,0.009802425665588215
303,0.004203861322532843,0.0040136224096662555,0.009465223997189054
304,0.0041876898329243585,0.003971534143875643,0.009846297365709626
305,0.0037954333522787725,0.003895502607524251,0.009890778487997836
306,0.0037275505807261625,0.003922924209683183,0.009406600870063593
307,0.0037455403893744614,0.003894768251058592,0.009931575394524583
308,0.003747267257944947,0.003916737974980148,0.010114194247229346
309,0.0036898954162144872,0.003944484436271045,0.009947875129251644
310,0.0036619031557841943,0.003891667879213348,0.010081168729811907
311,0.003677006095650774,0.0038541036476911865,0.01003831120785968
312,0.003686377522213414,0.0038728330268987124,0.009969508484134386
313,0.0036804652680784275,0.003918246834866929,0.009734754514848364
314,0.003672504423806024,0.004219257454667624,0.009023251140425945
315,0.003593436506071829,0.0038809369629878906,0.010038833278391895
316,0.003659388812314916,0.004153205744169034,0.009308488911082005
317,0.0036544776888160287,0.0038742749337462375,0.009906645623388988
318,0.003621889827157777,0.004010740628376192,0.011043778460087448
319,0.003612372127174835,0.003868363634689196,0.009663365283531362
320,0.02548596106206421,0.011349142657193273,0.018673617585465825
321,0.015502563796444987,0.022448001603311087,0.030392921112220864
322,0.012572163346879798,0.016774613200338646,0.012923865290037516
323,0.010787694744662651,0.011119816742432526,0.018534162563496624
324,0.009392155852488685,0.011419663617369163,0.011285061113022524
325,0.008785785210402278,0.03559634206665736,0.013975494894488105
326,0.008071898643844161,0.012293921154059178,0.02012236618661675
327,0.007685001746690369,0.010702215492808946,0.01882807065829121
328,0.007485007682797743,0.007050356014540189,0.016054279941680103
329,0.007070857672178815,0.005388436332316671,0.011486560363194039
330,0.0069642524671713136,0.009104472074572184,0.0173862432290254
331,0.006844844600319118,0.00786614685538866,0.01611664595788923
332,0.006554184967455997,0.0047206220028467106,0.011335556009977028
333,0.006419244477307933,0.012688145086614972,0.008089337995725459
334,0.006384647632348265,0.004851467530865101,0.011815497731982634
335,0.006305948428530502,0.0053811533530994425,0.009715823488759583
336,0.006168205133210679,0.0046324084432497374,0.011616709963257971
337,0.006089116932768378,0.004844721910364103,0.011135716938638482
338,0.005924261877510504,0.004740383957140196,0.012072881153816807
339,0.005871538571747286,0.008048207097306902,0.00943830363645122
340,0.005777190444216171,0.0074423304697726345,0.008170990915647868
341,0.005740051331985258,0.006043993352755425,0.013398150560157052
342,0.005587760037060514,0.008340146468112715,0.009053714685784331
343,0.0055821143312548465,0.006058670837263317,0.007908566774607733
344,0.005507120419906759,0.005116143055181411,0.00814847288460567
345,0.0054826725498309335,0.005659425206285603,0.013665186128868112
346,0.005321067415472973,0.006349622109549936,0.013643332949743188
347,0.00532206472701308,0.0045538212041292036,0.011706336337173807
348,0.005257149512648361,0.005611732196947296,0.008545491539327234
349,0.005184692531738536,0.004227758621628977,0.008624013015550786
350,0.005154252744134748,0.007668222230342767,0.007868163705129048
351,0.005068846509463858,0.0042761896347628,0.008181951883859161
352,0.005003573670252442,0.08861377093097547,0.03813351716460853
353,0.004922852157361361,0.005347197580589783,0.00809282467475739
354,0.005008222445724646,0.004281799025557308,0.009447345012349301
355,0.004898782425214393,0.005128673170716034,0.008178687381461776
356,0.004923920038350577,0.007123289188891726,0.007786462099516186
357,0.004844418427047494,0.005842616883658407,0.007489996512645277
358,0.004740166622782788,0.004297886266771275,0.008262545560839874
359,0.004729831507414271,0.00688836110653495,0.007665881252815497
360,0.0047259354709714195,0.004390369958939874,0.009483183846519938
361,0.004639747635367249,0.007634647027445288,0.007824770399722559
362,0.004642436604506007,0.012564362493493028,0.008137349151717177
363,0.004601841938008425,0.004514449929237695,0.012254568603660526
364,0.0044533195145595806,0.0053304397281789566,0.013261091461854762
365,0.004437987791398021,0.003971343157065349,0.00901497300746369
366,0.004435705390002483,0.004254419487814456,0.011617477597861454
367,0.004335425924308834,0.012390341382049112,0.00833706621979845
368,0.004392500857936911,0.005316213033591455,0.0077014890467298446
369,0.004368487185691236,0.004600257071724777,0.008056929993346847
370,0.004340809405702798,0.004271123197629506,0.010374701276806921
371,0.004306291493353285,0.003941947914502195,0.00978959990858004
372,0.004267962144167675,0.00391187049766576,0.009248670800749597
373,0.004179231011275829,0.015215773123535968,0.011372038002671867
374,0.00418718805920196,0.003983096956906291,0.010014116258264101
375,0.004143426081573775,0.004187539802293104,0.011635483306800497
376,0.004155050372841432,0.0038517471048504243,0.009754195038614601
377,0.0040701798390741515,0.0038582820678940317,0.009831457398831844
378,0.004038333646853121,0.00527553306331151,0.008109972812235355
379,0.004033666955394102,0.0038313447778346617,0.01047579160538213
380,0.003957585744677921,0.004773478230511671,0.011984908776678916
381,0.003969450123804719,0.006042238527451666,0.00822142354244816
382,0.003956274652258583,0.004130515586309828,0.0104060096280842
383,0.0038887613192762622,0.004164236729171861,0.008759607480646208
384,0.0038265447021497727,0.004286080483331447,0.012310140734088832
385,0.0035453185080617853,0.0037333231748397787,0.009808910994565693
386,0.003477331610808851,0.0038081454545555588,0.009345452236975062
387,0.003503877307148338,0.00371661765748023,0.00944892935262158
388,0.003447958208796742,0.0037744862370498243,0.009718863181127557
389,0.0034348920672581666,0.0038269362485640487,0.009337678407158318
390,0.0034376104747738355,0.0037476524485644627,0.010152866614275965
391,0.0034307171886117423,0.0037569035335799704,0.010141689972630862
392,0.0034219766795837835,0.003907146167248784,0.010986997280269861
393,0.0034364814034238706,0.0037539628653645023,0.009547797368903613
394,0.003373350823034406,0.003791293973606171,0.009584602450245413
395,0.0033873323320745123,0.003744995591912792,0.009597268501489327
396,0.0033839079394497235,0.003777950012185474,0.010072443441584193
397,0.0034041992114368204,0.0038505832043956956,0.010018709099626747
398,0.003373290451063163,0.0037958980968429514,0.010080319700826859
399,0.003399647831550492,0.003771366225132265,0.010006522711623332
400,0.02937553590587863,0.010650609981349337,0.013454454597728005
401,0.016543507853888573,0.009635215206035712,0.016433048222599358
402,0.013515472830259922,0.008068914252934692,0.015026424304935438
403,0.011768126677062432,0.00770793275503214,0.013186161261822643
404,0.010451037889656761,0.007368098813901132,0.014933346963391221
405,0.009636603550908125,0.006924089873258828,0.013750289502585757
406,0.008921517895227877,0.007166916442362091,0.01541952737446489
407,0.008345212273237094,0.010130357447903086,0.010932205485758083
408,0.0077453585847019795,0.0087403995952751,0.010494042155814582
409,0.007349209785739205,0.009045849272418362,0.008499743898623976
410,0.00698043311312404,0.013238002286883875,0.01006211578075228
411,0.0065284927730804455,0.004949552633644953,0.010382411648230306
412,0.0062910306754115205,0.04637798018582538,0.01837390847504139
413,0.006071204264660747,0.005302702861590923,0.012646239684445077
414,0.00599475453998751,0.0053710016538929374,0.011477118438302443
415,0.00577241453603789,0.004342300218648036,0.011168737205323475
416,0.005692725794950047,0.004693241352103737,0.010816571527513964
417,0.0055685515828468755,0.005377803530191975,0.013943810048031396
418,0.005554856528595759,0.006508088137736172,0.016030351245968508
419,0.005307894057794529,0.005612746680302732,0.014743296076254598
420,0.005251879336483964,0.004668784999339532,0.012865245583113926
421,0.005286702817029023,0.004179679326770242,0.01048296657872611
422,0.005233338751618183,0.004334406305375629,0.010514007367450616
423,0.005181155899403582,0.004255632018788596,0.011803052821678334
424,0.004984942681984795,0.004327003027403957,0.010559291048938858
425,0.005064585859322457,0.004056675056470611,0.010251538795900756
426,0.005018740589544321,0.004257458197123449,0.009967530001725617
427,0.004887414402695069,0.008316588480769532,0.00853585373160654
428,0.004837041480972811,0.004354622268106917,0.010907866092848367
429,0.004771135190822577,0.004234353515688525,0.012266564600426575
430,0.004785492652007317,0.003984027700481289,0.011022437187232849
431,0.004712729674074491,0.003910589228877596,0.010293442049417002
432,0.004648713951179358,0.0063154035772721925,0.007633601556178825
433,0.004649825882989876,0.0041650664728339485,0.009326135145564532
434,0.004554683617623985,0.00432370078020843,0.011854410990430364
435,0.004524560461243628,0.00436232599403129,0.009345003050462953
436,0.0045070687242824755,0.0038982779823583196,0.010607642956591886
437,0.0044418795718972354,0.004109893749183925,0.011595616630952934
438,0.004436386587243615,0.004052126565858671,0.008872875558405087
439,0.004378942365072317,0.007493163624199856,0.00775139064303246
440,0.004341405839721314,0.003947750488282943,0.011834479418808016
441,0.004371770454757732,0.004108217466788178,0.012219857874101606
442,0.004316227296002652,0.004070475487381435,0.0098718522630375
443,0.0042145321736656105,0.00427762215396643,0.009755893947620844
444,0.004251697190366964,0.004383975575667724,0.008980218032053832
445,0.004247540215959754,0.0039457515774234935,0.010325406870708383
446,0.004181904825038912,0.00392848422819335,0.011256330229085067
447,0.004180860264418198,0.003971756752770728,0.011590930279986611
448,0.004133488544232046,0.003838748225446093,0.01028728647286008
449,0.004099004469846019,0.005008758318204266,0.013701901867471892
450,0.004083181101905583,0.004296438232944537,0.009426176788863438
451,0.004029770934226134,0.003828707962134678,0.011262119538953593
452,0.004019053907287178,0.003796210250929632,0.011194605589041421
453,0.0040154312411175095,0.004147119118443961,0.011725776748539045
454,0.004004211198332488,0.004378121176175245,0.012444731747281963
455,0.003970036897242748,0.0037666149557955505,0.010286087154185978
456,0.003928143405377727,0.004105761997926334,0.009719087501409752
457,0.003878420483536611,0.003998443550183959,0.012627196177069483
458,0.003891619092512886,0.004737195151272293,0.015032576750321635
459,0.003883623427331021,0.0037634420855731624,0.010840818221712935
460,0.0038191843368630177,0.0040124388292133795,0.011951318797494831
461,0.0038157100178453753,0.0042543324431657354,0.010704570112685705
462,0.003769689519122436,0.004497839177507415,0.014151239366238487
463,0.0037429229174650953,0.004086417015052346,0.011862133099729645
464,0.0037355827367129275,0.00389723031818958,0.009771117394597366
465,0.003386175119251745,0.003684593936901654,0.01106526694613798
466,0.0033236587178169397,0.003720276614745585,0.011315753137500122
467,0.0033252484074563445,0.0037162931612530667,0.011144210873492833
468,0.003313099120376375,0.0037233098316409342,0.010832302737981081
469,0.0033077907846523784,0.0037993304643675766,0.010935714934021235
470,0.0032948537977380804,0.0037525185541938577,0.01054200181609084
471,0.0032896962861287287,0.0037703598550361856,0.010949608291788348
472,0.003282632694057083,0.0037452814762652027,0.011287141238050214
473,0.0032773135089234143,0.0037150672283327393,0.011137549508491466
474,0.0032655798293804972,0.0037115039535348562,0.010894794290050351
475,0.0032595653505351455,0.003745057159189909,0.010658391446260542
476,0.0032393442990113603,0.003867399846348919,0.01053321236294919
477,0.00326891787648891,0.0037565311971472365,0.010503651044363606
478,0.0032471341021034837,0.003767701545414429,0.010861300863325596
479,0.0032333191216539687,0.003698292405341784,0.010986011828584918
480,0.025093031252878616,0.01544593484273018,0.013160745067329243
481,0.015857470447643605,0.009663665458120986,0.012097963950885781
482,0.012997380243840062,0.008019820357074403,0.016117868720200556
483,0.011434215074060852,0.00787326625192633,0.014251480649771362
484,0.010470206248208122,0.010895959908419345,0.01167969039544977
485,0.00978520304226064,0.007700583582687326,0.011333950538316677
486,0.00936901197025547,0.011987679490393057,0.01112871006901922
487,0.008379916032201144,0.00996643161121852,0.019919685601931195
488,0.007637351195808088,0.008466630201458224,0.008914091704605982
489,0.007077925599735561,0.013365434639515138,0.0090937205943568
490,0.0069335690556505195,0.009718889639174442,0.01995607526523286
491,0.006594427507944682,0.01477024616717297,0.009918877598026702
492,0.006403827279953753,0.004706453040592582,0.010444634899111658
493,0.0063598552949187676,0.008626627525207339,0.017702756224778193
494,0.006151602891621541,0.005405889572530059,0.00831717196530823
495,0.006057546664602851,0.004611525681292972,0.010988836160636154
496,0.0059061974516241384,0.02610874971444034,0.011048639450093796
497,0.005824223450070911,0.027082544088636463,0.009395524827313834
498,0.005760495302880009,0.00643086482177197,0.014095949860097006
499,0.005684870571745484,0.005516172617104946,0.012560873597474962
500,0.005591300591252948,0.005016949049390702,0.012600204570154691
501,0.0055266820968288685,0.005044411770233816,0.008335227620434659
502,0.005415887095202872,0.006179166335793612,0.014103270810225913
503,0.005420751537663681,0.0048435424919391,0.012401444355732408
504,0.005314888401842041,0.004898620346407855,0.009000583471537664
505,0.005315085598580217,0.005209869712915621,0.011500029359012842
506,0.00523065463494902,0.004387816954076303,0.0100859425608711
507,0.005192343847362943,0.005190384827658453,0.008534640547466176
508,0.0051534724119923865,0.00490286987177142,0.00929490446337852
509,0.0051097271248431025,0.0060382198630073245,0.009027032197677884
510,0.005039918256977752,0.0046016892999801605,0.008774135342060492
511,0.004998900665603729,0.0041645718151256785,0.010250172915001368
512,0.004973334584764843,0.004488019784471182,0.012133244232370936
513,0.004893692115145081,0.004678177973783857,0.008745104628454509
514,0.004840152208143049,0.004821414949127212,0.01050333001104922
515,0.00486629332399509,0.004079909488770586,0.009867688632923467
516,0.00481292612326567,0.0045688492373854896,0.013039108735091728
517,0.00478138674122376,0.005149676024518372,0.014009937997265109
518,0.00471645710683915,0.008497000027105957,0.0074515288519062875
519,0.004679928551394318,0.005150937145275566,0.013317303796266687
520,0.004588240051077455,0.004195558138808539,0.00905022956430912
521,0.00454574456387069,0.004245674087917058,0.010565975520374447
522,0.0045501082015860375,0.00424207409801415,0.008302823230945345
523,0.004542715994237163,0.0044986572981442945,0.011608599861762646
524,0.004451635799629914,0.005076134881820499,0.007116553767038317
525,0.004421607138939171,0.0040697490113144694,0.01115567818412493
526,0.0044162693313566,0.004190045839082882,0.008689378251739103
527,0.004403971400497683,0.004218145194389584,0.010643088949266178
528,0.0044040141166854655,0.006521574455822994,0.014440851061251658
529,0.004310858745939401,0.004164249701600146,0.00991355420636206
530,0.004294046653834973,0.004067429753992795,0.009651833551068759
531,0.004269629162704617,0.004006034132588391,0.009546434892148807
532,0.004241451643510132,0.003958975154174158,0.009217075112372124
533,0.004249672611284929,0.004485197600726299,0.008412794571305657
534,0.0041800741925521806,0.0039064006677985074,0.008521181739995191
535,0.004165554035681775,0.004327054030013133,0.00865771259373889
536,0.00414031624733127,0.00390872961587019,0.008870269396695597
537,0.004178884145350256,0.0038278165068695936,0.009922239913380352
538,0.004107946952167631,0.004060403902179458,0.008230981168112364
539,0.00404697481730307,0.004046334491971454,0.011609704281877855
540,0.004023625344896045,0.0047989626476133375,0.012489906287398832
541,0.004000273487065628,0.0040520381767750885,0.008541005976690814
542,0.003982144626509415,0.00468792541754322,0.01336534811055352
543,0.003932467160803852,0.007516191838134576,0.007548642874663246
544,0.003929613769172169,0.0039312019499903525,0.008093354492929989
545,0.0036292720075391067,0.0037751867541360807,0.009261836129208577
546,0.0035197834604516953,0.0037210288946678918,0.009183945391198685
547,0.003509643361720809,0.003785788216193453,0.008665599876308236
548,0.0035233405991844853,0.003751612420556726,0.008954502682297909
549,0.0034911841149015224,0.0036960790369112346,0.009289629372029469
550,0.0035054597097979906,0.003711767492502089,0.009283905913089883
551,0.0035001647050492625,0.003720876733418107,0.008950265317127622
552,0.0034656656031302776,0.0037322906414357887,0.009177830736634546
553,0.003495901363736647,0.003731519268274974,0.009344671587941462
554,0.0034991167786708704,0.003713603883924908,0.009010626998697889
555,0.003454136369826033,0.003812367284675035,0.008272171437997243
556,0.0034209656363341284,0.003746338118687959,0.009130431652261779
557,0.003428622812200168,0.003758090323131664,0.009021023922631967
558,0.0034795541276685217,0.0037351388736792984,0.009214206735186022
559,0.003426490400969702,0.0037336565033214953,0.009535327858837515
560,0.02397202690322005,0.009018259895907819,0.011727825449458483
561,0.015702201006069488,0.007891221662688868,0.011471472744797838
562,0.01317756540828524,0.007617507172655266,0.010330280385397631
563,0.01123497550535383,0.007346574745302835,0.009898075304026234
564,0.010011978957827513,0.0060564873796753686,0.01036162957035262
565,0.00888133601496694,0.006424461853140009,0.013073658104985952
566,0.00817620826428649,0.01162042136615322,0.008834901313971856
567,0.007587978697609421,0.005381411042617026,0.012286491242462191
568,0.0071488093374319755,0.005636561536747682,0.012548871595284035
569,0.006748660820653511,0.005543180653427825,0.013944214932492068
570,0.006500260209942002,0.004920131082359803,0.01023297461456266
571,0.006181122373848947,0.0049843445775154815,0.013290426356653715
572,0.006014839115990328,0.004497141027377602,0.011255016855510145
573,0.005826860754742263,0.0053755799778823585,0.012878469496580034
574,0.005697391132167859,0.004678376796083787,0.01267951840920181
575,0.005594385103661986,0.004606874240826491,0.013508923110905392
576,0.00537141567466834,0.004724973509803341,0.009155647154768994
577,0.00534773441814882,0.004393432723622925,0.009470475235440094
578,0.005213552619501415,0.004179431686314498,0.010971577886235097
579,0.005095372855763685,0.004602254701100094,0.011023338225766503
580,0.005054135658882798,0.004369035438696175,0.010105424359890407
581,0.005001991793112799,0.004797671955938477,0.014138928775129646
582,0.004950896631104166,0.004002866087192713,0.01169262596823532
583,0.00481415189062888,0.005098878242097178,0.014807822857180545
584,0.004755689554317994,0.004078513231108521,0.010551955936283901
585,0.004750924170699204,0.004540088442566095,0.014212240818245658
586,0.004660362084202859,0.004166527037233087,0.01119796976704022
587,0.004608974829107204,0.0038986677337562027,0.011625064039153272
588,0.004534410649419612,0.003984332670154585,0.011968443459221002
589,0.00453769819320189,0.004615231248290269,0.009579517878592014
590,0.004448310485910125,0.003930192746856269,0.01122333722767131
591,0.004440968807483947,0.004143993549525969,0.012146809459503355
592,0.0044263659840274696,0.0041389141733309785,0.01388494331582353
593,0.00440681026510024,0.003978985147551303,0.013018312494687993
594,0.004264077248122769,0.00617150211365857,0.009209290773061842
595,0.004258893606677163,0.004237965779963068,0.012602014097802598
596,0.004196027693730065,0.004068363196088761,0.010717817967564896
597,0.004198735065855732,0.004127157522710554,0.010466530573843369
598,0.00417372669119808,0.003864295807030785,0.012023678675679297
599,0.004079987959011583,0.0045414708853197825,0.009490157991390804
600,0.004059864831275425,0.003993753749142819,0.009860034767088705
601,0.004030771460926482,0.004568890123299067,0.014859790721073234
602,0.003992922410008446,0.004516760207674946,0.01455972244128071
603,0.003993843853080929,0.0038582154833131706,0.013272179900829134
604,0.0039286905663861345,0.0042371741248546394,0.015397888945479846
605,0.003863690161397266,0.004124486657870451,0.013872343227909556
606,0.0038343766266398433,0.003735610018899763,0.0122679996079412
607,0.00384866596483836,0.0074978446542410745,0.009133923140450799
608,0.0037981858232037933,0.003922649466761884,0.01254493669317714
609,0.0038015138253230025,0.0037857083877036565,0.011920492951597634
610,0.0037046373533188254,0.004555522974350818,0.013401692235392743
611,0.00374681510713905,0.0038459853026692917,0.01288928248887432
612,0.0036634157391100767,0.0037906904524271944,0.010318090143645632
613,0.003643206625680353,0.004178130389783193,0.012367682033700162
614,0.003631842031819403,0.003737270576851644,0.011593665478044543
615,0.003562590825026101,0.0038340463236506495,0.010751683730632067
616,0.00357365728629241,0.003990701089702958,0.013065616825017435
617,0.0035375950018994096,0.004785837291292231,0.01530294796323468
618,0.003518463962934178,0.0041701991428255356,0.014097985843646115
619,0.003495680438605974,0.005133074804119955,0.01566146388007649
620,0.0034386433223561022,0.005821652732171837,0.0077675806502972185
621,0.0034740725580305254,0.004009138603330661,0.013288067428973215
622,0.0034131593379393864,0.004032701063522821,0.014738295709007773
623,0.0033851051140581486,0.004710542352836725,0.014900953557085374
624,0.0033305272941115123,0.003935445827889953,0.011125468857714841
625,0.003042961342749918,0.0035778001266497544,0.011611596472432902
626,0.0029523097027716137,0.003644090665327462,0.012137881785245806
627,0.0029508217847043893,0.003607936174901276,0.01257279399653961
628,0.002926198397847528,0.0035811338890759372,0.01181815017078971
629,0.002915518139157981,0.00364108865773483,0.012769544143872014
630,0.0028774261901275433,0.0036283688122581196,0.012285950609707627
631,0.002880874529751269,0.003578134217894986,0.011837984082000009
632,0.002906709458517336,0.0035544232554454453,0.012069068319196331
633,0.0028758396843081005,0.00358570522286263,0.01224745312256032
634,0.002894998618061527,0.003544029416797405,0.0115974058943062
635,0.0029081807336764393,0.0037000736635729005,0.012757453649979213
636,0.0028608489988612047,0.0036161787452931742,0.012537382912404579
637,0.0028645365505924523,0.003670151469637167,0.012565760696627971
638,0.002826337674694308,0.003544574366585131,0.011768297838239834
639,0.0028648874102069795,0.0037858001117049627,0.013003664733520869
640,0.02648656035417866,0.008296912390070613,0.01265404418367764
641,0.015119055120662837,0.0087078397456509,0.01561987406477846
642,0.01252770070776693,0.013193097698505605,0.020963849371363377
643,0.010913651962667699,0.008052669010147196,0.017315249215683032
644,0.009923734455710433,0.011070856442159861,0.019628912756412195
645,0.00929456629327026,0.006637280179493133,0.01267490845880118
646,0.008702031307565892,0.006231992482886154,0.014344647607027456
647,0.008195476041282535,0.005795789849549357,0.012089978357584312
648,0.007929388913205087,0.007215332673046529,0.011160423240528024
649,0.0076673759282171955,0.011297979996222167,0.02523803354465756
650,0.007353984397178484,0.006808282442553264,0.00985483311373612
651,0.00720156876404573,0.006478793062692361,0.009299910450675365
652,0.007042752476168122,0.006095142089022115,0.016087171846422655
653,0.006884009086646448,0.005007202545059158,0.011926390246712956
654,0.00671533233688567,0.004906646988622156,0.011519773750854978
655,0.006552810451450991,0.008165983057880122,0.0200367269652157
656,0.006440195168685684,0.004882727126712666,0.01191529506367856
657,0.006223080873519639,0.004908767821161099,0.011467293563202537
658,0.006112909455258045,0.016578464484723145,0.009214622594801516
659,0.006042128994442761,0.010714687440878664,0.00822900930130533
660,0.0058586828637011935,0.005126658895870938,0.012965770903974771
661,0.005833246838309426,0.004659513129070766,0.012971046717901683
662,0.005767148280980487,0.0062622760276993625,0.00877242538564164
663,0.005671249447387715,0.0046847978655871845,0.013297119290278903
664,0.005524123699271173,0.007137506189329519,0.020129545688115317
665,0.005454159568169023,0.011996706036414688,0.008958880950150818
666,0.00542639934050615,0.004455607782350733,0.011788105126470327
667,0.005364286015070373,0.0041886876863951,0.012520692825060466
668,0.0052924113187642575,0.00477936913569368,0.015785556993093985
669,0.005210277034096322,0.004249774654517877,0.011640841269801402
670,0.005170576314651035,0.005544647260751794,0.016809939342583048
671,0.005070230985473081,0.006648621135119919,0.009705442276879632
672,0.005062927461413144,0.00470850034595874,0.0100936160165945
673,0.004986721677381836,0.01808936197993688,0.009189808259493318
674,0.004960544016444775,0.0053987086069066026,0.01585677895566513
675,0.004889597658612534,0.004828537211889356,0.009607044128893778
676,0.004809419700746755,0.004309897931608337,0.014789966834259444
677,0.004772361010249473,0.00619860665742769,0.010532961612374618
678,0.004703854059216768,0.00412032154305632,0.011250818308828205
679,0.004735216316887515,0.004049741942249383,0.011870642899182337
680,0.004608401360167313,0.004204625811484508,0.01087260862876629
681,0.004600617797717946,0.004499280282986447,0.011289477075353778
682,0.004538146288243668,0.007828701336289573,0.02100297709091984
683,0.004515678276184922,0.007116474175432821,0.01956395377758248
684,0.004516104521099459,0.0043476141750036345,0.011756278911669707
685,0.004510359394627669,0.005883476165084379,0.009712983452682865
686,0.004458537950597621,0.004749588484867693,0.016199894345782954
687,0.004395231829851866,0.004277041814536266,0.014472713838491974
688,0.004367491065121698,0.0042586164702722576,0.012821914419403365
689,0.0043860490303527415,0.004213818204385656,0.013682805082022116
690,0.004321106748455069,0.007921349538707876,0.02137713076482559
691,0.004308486187351297,0.003994792151689201,0.012921192651164943
692,0.004242090344735935,0.004612770242781161,0.01423021863567932
693,0.004220996402543536,0.003933566590060099,0.012426018939706785
694,0.004209311810780883,0.003959563353649846,0.012684020149553644
695,0.004223297091561341,0.003923343910618703,0.013550247033608371
696,0.004136157315822796,0.004924395543647053,0.016433143891907972
697,0.0040827997309849495,0.0046571128626254135,0.010257856454700232
698,0.0040752142200367976,0.004620534246655944,0.015029918643292683
699,0.0040731714933130644,0.004130802293472105,0.013412101756267506
700,0.003997990909115857,0.004040355677866531,0.011881913058459759
701,0.004011234324472289,0.004741801311071749,0.0158349704639665
702,0.004019893155959098,0.004698828299041855,0.01076983996056791
703,0.003949926330573721,0.004295657755538188,0.014029367810821739
704,0.0039079590645411085,0.0039232784175740765,0.012642725691970053
705,0.003591872199365425,0.0038096057982669107,0.012261912579937228
706,0.0035340493609658055,0.0037813879219109558,0.012327547458096826
707,0.0035238708333210442,0.0037718307416589017,0.01294547051255559
708,0.003520859867307228,0.0037239206775440776,0.012689100722942886
709,0.003511937483989864,0.0037130962601824905,0.012487993688033572
710,0.003502794255783744,0.003719767875241259,0.01249612670327569
711,0.0034690071171217976,0.003755332247860578,0.012848290759299335
712,0.003492628155019293,0.003799565125175364,0.011610785434985983
713,0.003458982820536007,0.0037353905988629,0.012818054842024014
714,0.003456193179121324,0.0037670312778499025,0.01185010975740593
715,0.0034965079559776302,0.0037563140483799066,0.011923400717305726
716,0.0034415254405491457,0.003751784110041465,0.012681605760008097
717,0.0034442381302403273,0.003726630933930888,0.012639977053963932
718,0.0034888629872797455,0.0037872080195748238,0.012418172595187509
719,0.0034340563082741085,0.003729435926212729,0.01279265957017397
720,0.031274314964894905,0.009185885171544781,0.017697252365278787
721,0.014993592848732635,0.010137111048467262,0.01707837387020218
722,0.01225459608570374,0.007461164896967213,0.013014470451864702
723,0.01091969756242858,0.008991461516059686,0.017212749523078573
724,0.010063878598891792,0.007843971269972749,0.016024581542045904
725,0.00950851644994843,0.012530836663690413,0.021977028970060677
726,0.00888371139958351,0.012075525875584678,0.019351408752644884
727,0.008491164248001047,0.008613330349837665,0.01883322642794971
728,0.008178045361586016,0.007707036424057425,0.010928098112344742
729,0.007866140039678832,0.029281579843727566,0.014357193790633103
730,0.0076696853116503694,0.017502133037593327,0.011915259801879012
731,0.007444391881545773,0.00730956505169701,0.010722168657029497
732,0.007245446301011911,0.029723497645092755,0.014942997552711388
733,0.007094382297216268,0.005773663016036393,0.014578972605924154
734,0.006972109770101478,0.00914633778302607,0.01745642978569557
735,0.0068028673251805186,0.007231305527756334,0.00986499344159303
736,0.006750377274095309,0.0074568721466967205,0.01688865202896554
737,0.006644280385013073,0.006337521940444766,0.009672367142449165
738,0.006504310765570244,0.011906836733666055,0.02149805275659109
739,0.006370306206888793,0.004939473891302236,0.01063464244763399
740,0.006242968306378957,0.00876613208607282,0.01908313052664543
741,0.006095668781557224,0.006742505540403304,0.01590735940583821
742,0.006019645155473851,0.010063619785186849,0.019480511032301803
743,0.005951443010483572,0.009289937050565942,0.00841371914982025
744,0.0058159012443642025,0.005400873563464206,0.013204636453683007
745,0.00566704864994158,0.004621659042024308,0.011393484370461825
746,0.005587619869240594,0.005013152317789034,0.007709857236979337
747,0.0054841619687592295,0.004405774452179371,0.010835381529839903
748,0.005390412713614278,0.0058854043616660134,0.015232580119808173
749,0.00541558097960315,0.005496716844038644,0.013434055855433488
750,0.005333966988630212,0.004754274560843679,0.009237896153253728
751,0.005278687795513425,0.004380947997095423,0.009724766786756187
752,0.005127510037297584,0.004233145030011731,0.011324457551256335
753,0.005161292354249838,0.006197173911577418,0.015900866738681137
754,0.005071113036048242,0.004618738296123768,0.01063188815746328
755,0.005009030863999003,0.005712116197065718,0.015086394734680653
756,0.004967657063344168,0.0069616367126531156,0.007945703454957953
757,0.005010181039943843,0.0040776478120941395,0.011833535780295217
758,0.004917339155946704,0.006800553048581419,0.0077436565951412096
759,0.00488227910607903,0.0041257012585337,0.010554579070544448
760,0.004843084570679663,0.007929248487828526,0.0077318439324354305
761,0.004821687376020018,0.004106596921484864,0.011866366249862415
762,0.004721495878922892,0.004493848731380596,0.01324617592939015
763,0.004754072127757536,0.00446307569943453,0.012780886609107256
764,0.004687009895801895,0.004436747586573635,0.010191515497542146
765,0.0046435736501254,0.007082285617008448,0.008373311817132193
766,0.004621184234929575,0.004047627395267256,0.010132738870793375
767,0.004609365567318565,0.006326823688173199,0.007943031169345667
768,0.004569343832663366,0.005006370042281897,0.009119658072575414
769,0.004536107032345593,0.004599339829970587,0.009273106714004073
770,0.0044963945792485215,0.005231554589288087,0.014952656010101581
771,0.004418501701661544,0.005302892003437507,0.014640549229907578
772,0.004386452684570882,0.02239415836590138,0.010552995324391743
773,0.004424042385707127,0.004803355415546215,0.008522931004649606
774,0.004392169622434372,0.004681248642716032,0.009097764461204923
775,0.004361104959049975,0.0051796005080805155,0.009029499961641329
776,0.004321461796674663,0.004856149903044696,0.014597115267453522
777,0.004283645142267481,0.004220794735157809,0.011030517245546496
778,0.004257063656361802,0.004150562720722579,0.009728853783473886
779,0.004216132491766732,0.004172303386256166,0.009855113602403936
780,0.004165823705110475,0.004197971677606231,0.010357762413934386
781,0.004166598442442941,0.0046239604035372235,0.00957398437734308
782,0.004188903905210742,0.0039131102211787325,0.00949180341357815
783,0.004147969853257524,0.004196941658884264,0.008697870299862376
784,0.004142606999639928,0.003999200336006626,0.012282571193344635
785,0.003733064270656295,0.0038132646324226123,0.01156356619221383
786,0.0037309337938073923,0.0037924126581307606,0.010985551385915485
787,0.0037051419620054734,0.0038076331458319133,0.011334232937801501
788,0.003651166344724723,0.003800739069663679,0.010307463415866268
789,0.0036669854171058904,0.0037602947625850797,0.00994468613624059
790,0.003676973746770739,0.0039042338336610907,0.010449361650208974
791,0.0036757549578826684,0.0037964551732917436,0.010906664301352254
792,0.00361966209333268,0.003956983794490391,0.011208757180078277
793,0.003697087508757167,0.003810630892032384,0.009862250680553502
794,0.003629483613455159,0.0037852198422800936,0.010466656230133155
795,0.0036362801675056504,0.0038214079105864888,0.011468389472956288
796,0.0036288349375006106,0.003812133052484567,0.010904142440393054
797,0.0036079644934736634,0.003949744740953499,0.011646174119207365
798,0.0036300150065015436,0.0037988258414567255,0.01008540483448526
799,0.0036205443935193415,0.0037725080646583624,0.01037894418976944
