NVSS,Name,Rej,RAJ2000,DEJ2000,S1.4GHz,Beam1,Beam2,errTau,TauPk,e_TauPk,Taudv,e_Taudv,Nf,NHIthin,e_NHIthin,NHIiso,e_NHIiso,NHItot,e_NHItot,NHICNM,NHIUNM,fCNM,e_fCNM,fUNM,e_fUNM,SimbadName,NED,recno,rhi,sigrhi,nhicnm,signhicnm,fcnm,sigfcnm,rhi_rl,sigrhi_rl,fcnm_rl,sigfcnm_rl,note_rl,lon,lat,ew,sigew,taupeak
1,J0022,,00 22 25.4,+00 14 56.2,3.01,2.2,1.4,0.8,0.025,0.001,0.148,0.003,4,2.63,0.14,2.64,0.14,2.63,0.08,0.11,0.88,0.04,0.07,0.33,0.37,NVSS J002225+001456,NED,1,1.0,0.061309945,0.1099999994039535,0.0,0.0418250930104378,0.0012722461304816,1.0042191743850708,0.0028081190413671,0.0387533046305179,0.0255161273766727,"-50.0, 35.0, 0.0",107.461730329442,-61.7482392861447,0.152595538797026,0.00609331930273308,0.025008009636672206
1,3C018A,,00 40 50.7,+10 03 05.0,4.6,15.5,13.7,1.5,0.623,0.004,2.404,0.006,4,5.65,0.02,6.29,0.03,6.71,0.24,3.29,0.0,0.49,0.21,,0.28,3C 018,NED,2,1.1876106262207031,0.042943384,3.289999961853028,0.136014699935913,0.4903129572502343,0.0268038615678253,1.2834545373916626,0.090160460813764,0.669923722743988,0.0585639532416895,"-50.0, 35.0, 0.0",118.623254874594,-52.7317182980631,2.3889601271353205,0.012099403336200354,0.6232663081530933
1,3C018B,,00 40 49.5,+10 03 50.0,4.6,15.5,13.7,2.4,0.642,0.006,2.305,0.01,2,5.65,0.02,6.27,0.03,6.67,0.24,3.29,0.0,0.49,0.22,,0.42,3C 018,NED,3,1.180531024932861,0.042937882,3.300000190734864,0.1166190430521965,0.4947526466249223,0.0249522016263634,1.2834545373916626,0.090160460813764,0.669923722743988,0.0585639532416895,"-50.0, 35.0, 0.0",118.616420772078,-52.7189074114497,2.350025450192549,0.018068956837253805,0.6462189131056242
1,3C041A,,01 26 44.8,+33 13 02.3,3.71,1.7,1.4,2.4,0.039,0.004,0.343,0.009,3,5.43,0.23,5.46,0.23,5.46,0.11,0.02,1.99,,0.1,0.37,0.51,3C 041,NED,4,1.0055248737335205,0.047163527,2.009999990463257,0.0707106739282608,0.3681318638132125,0.0149239919887899,1.0316084027290344,0.0152880047143924,0.3089751154184341,0.0346973174440863,"-90.0, 50.0, 0.0",131.378782574369,-29.0746510944781,0.42571178484135397,0.01910272167066453,0.03986873496371627
1,3C041B,,01 26 43.8,+33 13 21.8,3.71,1.7,1.4,3.8,0.057,0.006,0.317,0.014,3,5.43,0.23,5.47,0.23,5.47,0.08,0.88,0.0,0.16,0.15,,0.76,3C 041,NED,5,1.007366418838501,0.045141213,0.8799999952316284,0.050000000745058,0.1608775190100685,0.009438730829349,1.023121356964111,0.016231062676869,0.2766789048910141,0.0557187194438317,"-80.0, 40.0, 0.0",131.373858976009,-29.0698477400234,0.4143887528394232,0.028003454608438786,0.05859233707705991
1,3C48,,01 37 41.3,+33 09 35.1,16.02,1.3,1.2,0.7,0.05,0.001,0.379,0.003,6,4.24,0.26,4.27,0.26,4.26,0.05,0.16,1.53,0.04,0.14,0.36,0.21,3C 48,NED,6,1.0047171115875244,0.06272843,1.680000066757202,0.0282842703163623,0.3943661916652451,0.0080936966301819,1.0453867316246033,0.007786402305796,0.4173218607902527,0.0161073567411727,"-90.0, 80.0, 0.0",133.962565883796,-28.7194057826967,0.39717383450324567,0.0063157560268865005,0.050649094154811454
1,4C15.05,,02 04 50.4,+15 14 11.0,4.07,3.3,3.0,0.6,0.086,0.001,0.723,0.003,6,4.33,0.15,4.42,0.16,4.42,0.24,0.39,3.11,0.09,0.04,0.7,0.18,4C 15.05,NED,7,1.020785212516785,0.06704435,3.5,0.1322875618934631,0.7918551899516388,0.0523877527815568,1.0913531184196472,0.0385498118204002,0.5952340960502625,0.01462804774488,"-90.0, 80.0, 0.0",147.93023691909,-44.0434990103208,0.737595900402256,0.0055866708323217395,0.08675292130359956
2,3C78,,03 08 26.2,+04 06 39.0,5.75,4.1,2.2,2.2,1.366,0.006,4.992,0.009,6,9.76,0.22,11.44,0.26,11.37,0.86,4.43,3.17,0.39,0.2,0.28,0.24,3C 78,NED,8,1.164958953857422,0.09342003,7.600000381469727,0.5103920102119446,0.668425721896656,0.067610510517961,1.252841055393219,0.0590123760804896,0.6170247793197632,0.0095828101650505,"-90.0, 80.0, 0.0",174.858069462027,-44.5135107993634,4.984242259389755,0.01915746648507423,1.3660204025642506
1,4C16.09,,03 18 57.8,+16 28 32.7,8.03,1.4,1.2,0.6,0.539,0.002,3.019,0.003,6,9.96,0.16,11.01,0.17,10.93,0.28,4.36,2.37,0.4,0.24,0.22,0.08,4C 16.09,NED,9,1.097389578819275,0.03378081,6.730000019073486,0.1609347611665725,0.6157364895851438,0.0215779678644317,1.3393720388412476,0.0226604460505325,0.7236551940441132,0.0319293839245236,"-80.0, 80.0, 0.0",166.635681633375,-33.5959184437041,3.0074188144161007,0.006052762064554843,0.5397755473096243
1,3C111A,,04 18 21.3,+38 01 35.8,7.73,13.0,5.3,1.7,0.888,0.005,10.167,0.01,12,24.25,1.06,28.43,1.24,28.6,1.25,19.82,0.69,0.69,0.18,0.02,0.09,3C 111,NED,10,1.1793814897537231,0.07933414,20.520000457763672,0.7215261459350586,0.717482523918385,0.0402469504651136,1.716662049293518,0.2840004492940136,0.8004034161567688,0.0926859401814761,"-80.0, 80.0, 0.0",161.675526107655,-8.81978447045552,10.195482410233499,0.01986973613485399,0.8892391874587807
1,3C111B,,04 18 30.4,+38 02 30.4,4.31,13.0,5.3,1.6,1.15,0.005,10.225,0.009,10,24.25,1.06,28.6,1.24,28.04,1.78,9.97,8.86,0.36,0.22,0.32,0.09,3C 111,NED,11,1.156288743019104,0.09425343,18.829998016357425,1.0011992454528809,0.6715405635357944,0.0556078550792842,1.716662049293518,0.2840004492940136,0.8004034161567688,0.0926859401814761,"-80.0, 80.0, 0.0",161.686100773248,-8.78788629673535,10.140231764405122,0.018810801089790462,1.1564355082193474
1,3C111C,,04 18 15.5,+38 00 48.2,2.92,13.0,5.3,3.0,1.125,0.009,11.367,0.016,11,24.25,1.06,29.21,1.27,24.14,3.17,13.17,0.0,0.55,0.22,,0.19,3C 111,NED,12,1.0,0.140734,13.15999984741211,1.9170811176300049,0.5451532800392405,0.1069187299597594,1.716662049293518,0.2840004492940136,0.8004034161567688,0.0926859401814761,"-80.0, 80.0, 0.0",161.671350935181,-8.84260814567522,11.386707860857086,0.0335255967513072,1.1265234525391798
1,3C120,,04 33 11.1,+05 21 15.6,3.44,4.7,4.3,0.9,2.033,0.003,10.625,0.004,3,10.02,0.03,15.85,0.04,14.07,1.09,7.48,0.0,0.53,0.24,,0.08,3C 120,NED,13,1.404191493988037,0.108926766,7.480000019073486,0.644127368927002,0.5316275892902168,0.0615795193084656,1.8030766248703003,0.1286030739835419,0.7814365923404694,0.0508403176417149,"-80.0, 80.0, 0.0",-169.627133888895,-27.3968532563848,10.64389521307762,0.008555519941847731,2.037051258524361
1,3C123A,,04 37 04.9,+29 40 10.2,49.73,20.3,5.3,0.6,1.75,0.002,9.034,0.003,7,15.04,0.71,19.62,0.93,19.75,3.55,5.57,5.36,0.28,0.24,0.27,0.1,3C 123,NED,14,1.3131649494171145,0.24961363,5.570000171661377,1.8908199071884155,0.2820253251474114,0.1083305468664795,1.4100391864776611,0.0499386243287157,0.6874903440475464,0.0172066189481923,"-90.0, 80.0, 0.0",170.583798845473,-11.6601769047614,9.049870228416722,0.006259098955420766,1.7510037763441813
1,3C123B,,04 37 04.0,+29 40 28.2,49.73,20.3,5.3,0.7,1.783,0.002,8.795,0.004,6,15.04,0.71,19.51,0.92,19.68,3.61,5.73,6.07,0.29,0.22,0.31,0.19,3C 123,NED,15,1.308510661125183,0.25302067,5.830000400543213,2.005816698074341,0.2962398531574179,0.1155029217518472,1.4100391864776611,0.0499386243287157,0.6874903440475464,0.0172066189481923,"-90.0, 80.0, 0.0",170.577710169498,-11.6594330440178,8.810741441847851,0.0077231436686586,1.7845008777642515
1,3C132,,04 56 43.5,+22 49 16.3,3.43,1.8,1.5,1.1,1.614,0.005,7.371,0.007,7,22.83,0.27,27.15,0.32,24.95,2.04,8.51,0.0,0.34,0.14,,0.07,3C 132,NED,16,1.0928603410720823,0.09065959,8.510000228881836,1.202081561088562,0.3410821630724167,0.0556688503159916,1.6273103952407837,0.2132766304637439,0.756520003080368,0.0262941758138976,"-80.0, 80.0, 0.0",178.861824487375,-12.5216989908336,7.546634847839497,0.013588596023205076,1.620246171951294
1,3C133,,05 02 58.1,+25 16 26.6,5.77,1.2,1.1,2.7,1.645,0.009,8.996,0.015,8,25.11,0.07,30.07,0.09,28.8,2.13,3.01,15.93,0.1,0.08,0.55,0.14,3C 133,NED,17,1.1469533443450928,0.084926315,15.679999351501465,1.228169322013855,0.5444444363499863,0.058651034630754,1.6995983123779297,0.0858038626092582,0.7639487087726593,0.0085685218568869,"-80.0, 80.0, 0.0",177.724629191077,-9.91325567458491,9.131570665568631,0.03021249808553293,1.647844018924274
1,3C138,,05 21 10.0,+16 38 22.1,8.6,14.5,5.1,1.0,1.115,0.003,5.949,0.005,8,18.55,0.18,21.32,0.2,20.82,2.21,7.16,0.89,0.34,0.12,0.04,0.07,3C 138,NED,18,1.122372031211853,0.11975046,8.050000190734863,0.4023679792881012,0.3866474691993423,0.0453643863668093,1.5911836624145508,0.2555360953079961,0.7505193650722504,0.0909939303284351,"-80.0, 80.0, 0.0",-172.594875098602,-11.3432165624757,5.985088637565431,0.011089662871899391,1.1166131253427296
1,PKS0531,,05 34 44.5,+19 27 21.4,7.02,1.3,1.1,0.5,0.535,0.002,3.313,0.003,10,25.13,0.36,27.1,0.39,27.15,1.74,1.61,14.65,0.06,0.26,0.54,0.07,PKS 0531+19,NED,19,1.080381989479065,0.07124112,1.7599999904632568,0.4209513366222381,0.0648250466000754,0.0160516182908504,1.749630093574524,0.2997558656567301,0.7680865228176117,0.0779161655445358,"-80.0, 80.0, 0.0",-173.238255193127,-7.10768630158733,3.3315632743635817,0.005799093231743211,0.5398968338676737
1,3C147,,05 42 36.1,+49 51 07.2,22.88,4.4,3.8,0.5,0.796,0.001,5.004,0.002,9,17.26,0.33,18.71,0.35,18.43,1.5,7.14,0.0,0.39,0.18,,0.04,3C 147,NED,20,1.0677868127822876,0.08956292,7.139999866485596,0.8861715793609619,0.3874118148810034,0.0574995085584121,1.0607243180274963,0.6416500703518911,0.5385355651378632,0.1130515642112828,"-90.0, 35.0, 0.0",161.68636523812,10.298331986452,4.999839824441062,0.004823533700618072,0.7965508974068276
1,3C154,,06 13 49.0,+26 04 36.7,5.0,13.7,12.8,0.7,1.704,0.004,14.759,0.006,8,34.11,0.05,46.48,0.07,38.87,10.88,2.26,26.6,0.06,0.38,0.68,0.32,3C 154,NED,21,1.139548420906067,0.3189766,2.2699999809265137,1.3472193479537964,0.0583997952998256,0.0383209910575613,1.9346119165420528,0.2685617410990559,0.7861227691173553,0.0345653421276311,"-80.0, 80.0, 0.0",-174.408361604057,4.00214251326461,14.76671852031507,0.011584137002917395,1.7090007940638363
1,PKS0742,,07 45 33.1,+10 11 12.7,3.51,1.9,1.4,0.6,0.011,0.001,0.028,0.003,1,3.13,0.19,3.13,0.2,3.11,0.09,0.09,0.0,0.03,0.05,,0.25,PKS 0742+10,NED,22,1.0,0.06969723,0.0900000035762786,0.0099999997764825,0.0289389088784858,0.0033227032671696,1.0018012523651123,0.0024076667917445,0.1329315602779388,0.0410014073348877,"-80.0, 80.0, 0.0",-150.203449761152,16.5919352528973,0.030434958060417162,0.005264961716759727,0.010743003452746406
1,3C225A,,09 42 15.3,+13 45 51.3,3.34,4.5,1.6,1.2,0.828,0.002,1.487,0.005,5,3.53,0.03,3.65,0.03,3.63,0.1,0.42,0.64,0.12,0.08,0.18,0.4,3C 225,NED,23,1.0283286571502686,0.029646017,1.059999942779541,0.0574456267058849,0.2920109943144723,0.017752473306744,1.0537205338478088,0.0136432298235046,0.4464223980903625,0.0527153330857542,"-80.0, 80.0, 0.0",-139.990483656351,44.0079870312218,1.5432070537419227,0.010062368622952789,0.8445307690712072
1,3C225B,,09 42 15.6,+13 45 49.3,3.34,4.5,1.6,2.3,0.791,0.004,1.434,0.009,5,3.53,0.03,3.65,0.03,3.65,0.13,0.62,1.0,0.17,0.14,0.27,0.71,3C 225,NED,24,1.0339943170547483,0.03786109,1.6200000047683716,0.0734846889972686,0.4438356061481944,0.0255972104351947,1.0537205338478088,0.0136432298235046,0.4464223980903625,0.0527153330857542,"-80.0, 80.0, 0.0",-139.989074177396,44.0088672468336,1.593329069761769,0.017933915025415196,0.8044166098054311
1,3C236,,10 06 01.8,+34 54 10.4,3.24,4.8,1.8,0.6,0.003,0.001,0.001,0.003,1,0.78,0.15,0.78,0.15,0.78,0.15,0.0,0.0,,0.2,,0.99,3C 236,NED,25,1.0,0.27196416,0.0,0.0,0.0,0.0,1.002657949924469,0.0419056049114841,0.0022862870246171,0.233535295279867,"-80.0, 80.0, 0.0",-169.935431024057,53.9804658190971,0.003020541598841729,0.00528126654650388,0.0027656617394727708
1,3C237,,10 08 00.0,+07 30 16.6,6.52,6.5,4.4,1.0,0.41,0.001,0.624,0.004,3,2.16,0.03,2.19,0.03,2.19,0.08,0.13,0.63,0.06,0.11,0.29,0.57,3C 237,NED,26,1.0138888359069824,0.039623715,0.7599999904632568,0.050000000745058,0.3470319500483695,0.0261144078121347,1.01322740316391,0.0047379518295407,0.2296998500823974,0.0655929203380822,"-80.0, 80.0, 0.0",-127.883068199084,46.6272733031813,0.6768137233880013,0.008641175096389002,0.41286029417005143
1,3C245A,,10 42 44.6,+12 03 31.3,3.31,1.6,1.4,1.3,0.016,0.002,0.051,0.005,2,2.19,0.13,2.2,0.13,2.19,0.09,0.0,0.4,,0.15,0.18,0.73,3C 245,NED,27,1.0,0.072198115,0.4000000059604645,0.050000000745058,0.1826483997759083,0.0240332760419386,1.024161517620087,0.0168155802200539,0.2925994098186493,0.0850205178425316,"-80.0, 80.0, 0.0",-126.875714753174,56.3004560074598,0.03896881987485533,0.011045776349057134,0.016578307110645864
1,3C245B,,10 42 44.3,+12 03 31.6,3.31,1.6,1.4,4.2,0.024,0.006,0.028,0.015,1,2.19,0.13,2.2,0.13,1.92,0.13,0.0,0.0,,0.45,,1.0,3C 245,NED,28,1.0,0.07894362,0.0,0.0,0.0,0.0,1.024161517620087,0.0168155802200539,0.2925994098186493,0.0850205178425316,"-80.0, 80.0, 0.0",-126.877092734629,56.299360489526,0.13253620575708186,0.029800604780723387,0.024267642809418902
1,1055+018,,10 58 29.6,+01 33 58.8,3.22,0.1,0.0,0.9,0.008,0.001,0.034,0.004,1,2.94,0.16,2.94,0.16,2.94,0.08,0.0,0.83,,0.07,0.28,0.37,NVSS J105829+013358,NED,29,1.0,0.060845383,0.0,0.0,0.0,0.0,1.0051750540733335,0.0051500646384402,0.081658149138093,0.0644183299832728,"-70.0, 40.0, 0.09531396342529133",-108.489394756955,52.7739826798678,0.06550789098546557,0.00730960217489519,0.008673864836748849
1,3C263.1,,11 43 25.1,+22 06 56.1,3.13,7.5,4.4,0.7,0.02,0.001,0.056,0.004,3,1.81,0.18,1.81,0.18,1.81,0.0,0.03,0.0,0.02,0.16,,0.82,3C 263.1,NED,30,1.0,0.09944752,0.0299999993294477,0.0,0.0165745857888691,0.0,1.002657949924469,0.0257565064036681,0.0022862870246171,0.2052133448842629,"-80.0, 80.0, 0.0",-132.798659930851,73.7659053562529,0.06944236480544971,0.008631278842091413,0.020200292639252587
1,3C273,,12 29 06.1,+02 03 08.6,54.99,7.8,4.2,0.4,0.026,0.001,0.086,0.002,3,2.11,0.05,2.11,0.05,2.1,0.08,0.02,0.29,0.01,0.05,0.14,0.24,3C 273,NED,31,1.0,0.044651393,0.3100000023841858,0.0399999991059303,0.1476190554582076,0.0198604257749643,1.0141509771347046,0.0222464218363877,0.2465081512928009,0.0578106780987513,"-80.0, 80.0, 0.0",-70.054780263548,64.3594752971589,0.07734101441211613,0.0035238984245061955,0.026710199966475074
1,4C32.44,,13 26 16.5,+31 54 09.5,4.86,2.8,1.2,0.7,0.02,0.001,0.062,0.003,2,1.17,0.14,1.17,0.14,1.16,0.01,0.11,0.07,0.1,0.14,0.06,0.69,4C 32.44,NED,32,1.0,0.118942894,0.1800000071525573,0.0099999997764825,0.1551724244241343,0.0087238591296934,1.0073931217193604,0.0158004061680967,0.0695153549313545,0.1356393232709885,"-80.0, 80.0, 0.0",67.2337184230326,81.0476440308329,0.07029329960627531,0.005580946079882599,0.019760251675789486
1,4C25.43,,13 30 37.7,+25 09 11.0,7.05,2.8,1.2,1.1,0.004,0.001,0.029,0.004,1,1.07,0.12,1.07,0.12,1.04,0.12,0.0,0.0,,0.25,,1.0,4C 25.43,NED,33,1.0,0.15639576,0.0,0.0,0.0,0.0,1.002657949924469,0.0151044696130597,0.0022862870246171,0.1558461984009309,"-80.0, 80.0, 0.0",22.4682182723784,80.9882913908808,0.016572420629160586,0.009048610989904919,0.004097021555739317
1,3C286,,13 31 08.3,+30 30 33.0,14.9,5.2,3.3,0.4,0.007,0.001,0.065,0.002,3,1.1,0.15,1.1,0.15,1.1,0.01,0.09,0.0,0.08,0.1,,0.48,3C 286,NED,34,1.0,0.13666633,0.0900000035762786,0.0,0.0818181832959829,0.0007438016231014,1.002657949924469,0.0180517325244313,0.0022862870246171,0.1764825831710978,"-80.0, 80.0, 0.0",56.5243521401643,80.6746573138574,0.07855791721102906,0.0036347790009408068,0.007291670277889233
1,4C12.50,,13 47 33.4,+12 17 24.2,5.4,4.3,1.5,0.9,0.091,0.002,0.288,0.004,2,2.07,0.1,2.1,0.11,2.09,0.06,0.33,0.66,0.16,0.11,0.31,0.54,4C 12.50,NED,35,1.0096617937088013,0.06098246,0.9900000095367432,0.0412310548126697,0.4736842345422904,0.0239605283115896,1.0442680716514587,0.0122785012044778,0.4279721081256866,0.0242543633837785,"-80.0, 80.0, 0.0",-12.7768584670496,70.1717804624037,0.32133979612984753,0.007760255679032435,0.0912259278062094
1,3C298,,14 19 08.2,+06 28 34.8,6.1,2.4,1.4,0.6,0.02,0.001,0.077,0.003,1,2.05,0.11,2.06,0.12,2.06,0.23,0.15,0.0,0.07,0.08,,0.38,3C 298,NED,36,1.004878044128418,0.12667987,0.1500000059604644,0.0099999997764825,0.0728155388966034,0.0094688976838392,1.004538595676422,0.0024688371498651,0.093623474240303,0.0292257414796091,"-40.0, 40.0, 0.0",-7.83956425757845,60.6664876988664,0.0779644941705597,0.004759470821398611,0.020396421711720104
1,UGC09799,,15 16 44.5,+07 01 17.8,5.5,1.7,1.3,6.9,0.066,0.01,0.135,0.024,1,2.9,0.14,2.91,0.14,2.91,0.03,0.17,0.0,0.06,0.49,,1.0,UGC 09799,NED,37,1.003448247909546,0.049534574,0.1700000017881393,0.0199999995529651,0.0584192428776548,0.0068991889201591,1.0063999891281128,0.0144196066052231,0.0876643173396587,0.0294238629838168,"-40.0, 30.0, 0.0",9.41743101768907,50.1202938564486,0.1822466879292266,0.04124891906601925,0.06654006003086192
1,4C04.51,,15 21 14.4,+04 30 22.0,3.93,9.4,3.8,0.8,0.068,0.001,0.325,0.003,3,4.02,0.17,4.06,0.17,3.99,0.04,1.13,0.0,0.28,0.05,,0.24,4C 04.51,NED,38,1.0,0.04313627,1.1299999952316284,0.0244948975741863,0.2832080181781319,0.0067638108438152,1.0378347635269165,0.0101551815064613,0.4005946964025497,0.0333262757433655,"-80.0, 80.0, 0.0",7.29242475196743,47.7470284927532,0.3320372798412089,0.006716963454290702,0.06836644835784585
1,3C327.1A,,16 04 44.9,+01 17 52.8,4.08,3.5,2.4,3.2,0.505,0.008,2.259,0.013,3,7.21,0.17,7.87,0.18,7.87,0.19,3.34,0.0,0.42,0.12,,0.47,3C 327.1,NED,39,1.09153950214386,0.03790832,3.3399996757507324,0.1166190356016159,0.4243964071561686,0.0180154661163433,1.2644336819648745,0.0760525162007847,0.6795537173748016,0.0126636573284513,"-80.0, 80.0, 0.0",12.1814073765717,37.006430668112,2.289625728784033,0.026283987766626424,0.5095705021589095
1,3C327.1B,,16 04 45.6,+01 17 47.6,4.08,3.5,2.4,3.0,0.448,0.007,2.135,0.012,4,7.21,0.17,7.83,0.18,7.87,0.21,3.26,0.0,0.41,0.11,,0.44,3C 327.1,NED,40,1.09153950214386,0.03988651,3.259999990463257,0.1220655590295791,0.4142312627532735,0.0190457436582492,1.2644336819648745,0.0760525162007847,0.6795537173748016,0.0126636573284513,"-80.0, 80.0, 0.0",12.1820601652311,37.0030404364676,2.199588481949157,0.024261481479075787,0.45161336205099184
1,PKS1607,,16 09 13.3,+26 41 29.0,4.91,0.9,0.4,0.6,0.177,0.001,0.924,0.003,4,3.78,0.14,3.88,0.14,3.86,0.11,0.89,0.0,0.23,0.09,,0.2,PKS 1607+26,NED,41,1.021164059638977,0.04772065,0.8799999952316284,0.0640312433242797,0.2279792795719188,0.0178152696602568,1.0488067865371704,0.0308281828683869,0.5048429816961288,0.0246228920359416,"-80.0, 80.0, 0.0",44.1712763967548,46.203207843214,0.9264492878807775,0.0052086216313015415,0.1771475964481014
1,J1613,,16 13 41.1,+34 12 47.9,4.02,4.1,3.5,1.0,0.005,0.001,0.001,0.004,1,1.5,0.14,1.5,0.14,1.5,0.14,0.0,0.0,,0.16,,0.8,NVSS J161341+341247,NED,42,1.0,0.13199326,0.0,0.0,0.0,0.0,1.0013275742530825,0.0037780454953681,0.1215742602944374,0.0493211290247198,"-80.0, 80.0, 0.0",55.1510950116733,46.378708980174096,0.006348211782670846,0.008249489506297005,0.005062558260290998
1,3C346,,16 43 48.6,+17 15 49.3,3.66,1.0,0.7,2.0,0.288,0.004,1.16,0.008,3,5.0,0.15,5.19,0.16,5.21,0.1,1.45,0.0,0.28,0.09,,0.44,3C 346,NED,44,1.0420000553131104,0.038882162,1.4500000476837158,0.0538516454398632,0.2783109476136268,0.0116349765637329,1.0971276760101318,0.032963844911741,0.4675169587135315,0.0518171382101383,"-80.0, 80.0, 0.0",35.3317127535438,35.7693529740607,1.208066304576918,0.016034566902184366,0.28791861165544147
1,3C390,,18 45 37.6,+09 53 45.0,4.51,3.4,2.8,1.2,0.157,0.003,2.649,0.007,10,25.05,1.13,25.91,1.17,26.0,0.8,3.05,10.52,0.12,0.02,0.4,0.08,3C 390,NED,45,1.0379241704940796,0.058051895,13.580000877380373,0.2630589604377746,0.5223077260530912,0.0189906342098016,1.441154956817627,0.2551522400200232,0.7607097327709198,0.0729122781113355,"-80.0, 80.0, 0.0",41.1119482426029,5.773317447748,2.6764388031452695,0.014457804517469407,0.15674128142142035
1,4C33.48,,19 24 17.5,+33 29 29.7,3.77,4.8,1.7,2.9,0.408,0.006,2.434,0.013,4,13.48,0.39,14.04,0.4,13.8,0.44,1.58,0.0,0.11,0.06,,0.27,4C 33.48,NED,46,1.023738980293274,0.044589855,1.590000033378601,0.2531797587871551,0.1152173921306251,0.0187105371380104,1.1200291514396667,0.052588054259054,0.4073625802993774,0.117692610860934,"-70.0, 70.0, 0.0",66.3887300183832,8.37115551410217,2.566054598487102,0.026607795905208127,0.4107012923956846
1,3C409A,,20 14 27.5,+23 34 55.4,13.68,1.6,1.4,1.4,1.19,0.005,8.701,0.008,7,23.0,0.8,27.74,0.96,27.05,2.27,12.96,0.63,0.48,0.19,0.02,0.08,3C 409,NED,47,1.1760869026184082,0.110229515,13.56999969482422,1.3221951723098757,0.5016635888193406,0.0645100262688761,1.9019917249679563,0.5183968910794552,0.782341331243515,0.0447055477341373,"-80.0, 80.0, 0.0",63.398444425317294,-6.12094007033623,8.688822761948307,0.01716748104546049,1.1907616280932272
1,3C409B,,20 14 27.7,+23 34 50.2,13.68,1.6,1.4,1.3,1.303,0.004,8.502,0.007,6,23.0,0.8,27.66,0.96,25.63,1.85,7.11,7.67,0.28,0.21,0.3,0.08,3C 409,NED,48,1.1143478155136108,0.092914544,14.779999732971191,1.0758717060089111,0.5766679756898251,0.0591157450993376,1.9019917249679563,0.5183968910794552,0.782341331243515,0.0447055477341373,"-80.0, 80.0, 0.0",63.3977176788629,-6.12247447225179,8.5025152009596,0.015162060172458178,1.3099536920808947
2,3C410A,,20 20 06.6,+29 42 14.8,2.88,3.2,1.7,1.4,3.501,0.007,17.744,0.01,13,38.53,2.81,54.1,3.94,53.13,7.24,24.46,0.99,0.46,0.2,0.02,0.14,3C 410,NED,49,1.3789255619049072,0.23492812,24.470001220703125,4.2037129402160645,0.4605684308067564,0.1009909533415546,1.879655122756958,0.3765680800346729,0.7732486426830292,0.0356524826656569,"-80.0, 80.0, 0.0",69.2119065475898,-3.76905327520512,17.81212433654215,0.02089277579004876,3.522484208592444
2,3C410B,,20 20 06.7,+29 42 09.6,6.39,3.2,1.7,2.0,3.146,0.009,16.993,0.014,12,38.53,2.81,53.31,3.88,42.87,18.06,16.17,0.0,0.38,0.31,,0.08,3C 410,NED,50,1.112639546394348,0.48193103,16.15999984741211,1.467514991760254,0.3769535864250519,0.1624482749226879,1.831881403923035,0.460945616427173,0.7830472588539124,0.0276817833593908,"-70.0, 70.0, 0.0",69.2110874677608,-3.7704181460833697,17.096586788890693,0.028192713980355992,3.1542309746974824
1,B2050,,20 52 52.1,+36 35 35.3,5.14,4.3,2.0,0.8,0.331,0.002,2.653,0.004,9,23.59,1.2,24.56,1.25,24.54,0.84,3.49,3.79,0.14,0.11,0.15,0.05,NVSS J205252+363535,NED,51,1.040271282196045,0.065623455,7.269999980926514,0.490815669298172,0.2962510069152655,0.0224244893294884,1.653965711593628,0.3865556365185078,0.7228704690933228,0.1279712276154271,"-80.0, 80.0, 0.0",78.8581469916453,-5.12385736296915,2.6784638045419777,0.009089184784163954,0.3316943997130755
1,3C433,,21 23 44.6,+25 04 02.2,10.33,9.7,5.7,3.0,0.467,0.007,1.882,0.012,4,8.38,0.04,8.88,0.04,8.86,0.29,2.11,0.0,0.24,0.1,,0.39,3C 433,NED,52,1.0572792291641235,0.03497225,2.0999999046325684,0.15968719124794,0.2370203144477466,0.0196221558327899,1.194225788116455,0.0721168564287936,0.5562441349029541,0.0509455012076672,"-80.0, 80.0, 0.0",74.4745602102377,-17.6965840235501,1.9751856343420855,0.02437426520350122,0.467483290361066
1,PKS2127,,21 30 32.9,+05 02 17.5,4.1,4.0,1.7,0.7,0.128,0.001,0.556,0.003,3,4.62,0.28,4.71,0.29,4.7,0.24,0.67,1.59,0.14,0.04,0.34,0.19,PKS 2127+04,NED,53,1.0173159837722778,0.08231877,0.6700000166893005,0.0282842703163623,0.1425532008253544,0.009444780031869,1.075421392917633,0.0193206808639046,0.4262088984251022,0.0330123325682594,"-80.0, 80.0, 0.0",58.6520679504282,-31.8149250815853,0.5615994096771108,0.00626770315516146,0.12916412288946566
1,J2136,,21 36 38.6,+00 41 54.2,3.47,8.3,5.0,1.2,0.143,0.002,0.882,0.005,3,4.36,0.05,4.49,0.06,4.4,0.2,0.68,0.0,0.16,0.07,,0.34,NVSS J213638+004154,NED,54,1.009174346923828,0.047927745,0.6800000071525574,0.1232882812619209,0.1545454528213533,0.0288872228691489,1.0763437151908877,0.0301479113008321,0.5040980875492096,0.0361836596486393,"-80.0, 80.0, 0.0",55.4728544579819,-35.5777470283565,0.911879031986627,0.01048834118664201,0.1433658580797059
1,J2232,,22 32 36.4,+11 43 50.9,7.2,5.2,4.3,1.0,0.156,0.002,1.052,0.004,5,4.88,0.16,5.0,0.16,4.98,0.07,1.48,0.0,0.3,0.1,,0.26,NVSS J223236+114350,NED,55,1.0204918384552002,0.036403924,1.46999990940094,0.046904157847166,0.2951807035684367,0.0102919137846346,1.0518248677253723,0.0235377236771603,0.516263872385025,0.0337009591331638,"-80.0, 80.0, 0.0",77.4378972716138,-38.5824912039136,1.1036697116005991,0.00901214033200574,0.15753918654443425
1,3C454.3,,22 53 58.0,+16 08 52.4,12.66,2.2,1.5,1.1,0.317,0.002,1.81,0.005,8,6.84,0.08,7.05,0.08,6.91,0.56,1.97,0.0,0.28,0.1,,0.21,3C 454.3,NED,56,1.0102338790893557,0.08271956,1.959999918937683,0.24515300989151,0.2836468830996762,0.0422741619429104,1.067221701145172,0.0183692489698308,0.5255298614501953,0.021806094193592,"-80.0, 80.0, 0.0",86.1118030417998,-38.18459555111,1.8707951907780331,0.010195246655455995,0.31819032818338777
1,3C459,,23 16 35.2,+04 05 18.1,4.68,5.7,4.5,0.9,0.142,0.002,1.146,0.004,7,5.43,0.16,5.6,0.16,5.56,0.71,0.32,4.27,0.06,0.33,0.77,0.29,3C 459,NED,57,1.0239410400390625,0.1341909,4.599999904632568,0.3972404897212982,0.8273381208584956,0.127539496414875,1.1160846948623655,0.0401354900455852,0.605562835931778,0.0180806149508349,"-90.0, 80.0, 0.0",83.039788064593,-51.2850052814043,1.1640735573195342,0.007786803916605127,0.1420584800358157
